date,title,url,html,main_text
20-04-2024,"Russian Offensive Campaign Assessment, April 20 | Institute for the Study of War",https://www.understandingwar.org/backgrounder/russian-offensive-campaign-assessment-April-20,"<!DOCTYPE html>

<html dir=""ltr"" lang=""en"" xmlns:og=""http://opengraphprotocol.org/schema/"">
<head>
<meta content=""text/html; charset=utf-8"" http-equiv=""Content-Type""/>
<meta content=""Drupal 7 (http://drupal.org)"" name=""Generator""/>
<link href=""/backgrounder/russian-offensive-campaign-assessment-april-20"" rel=""canonical""/>
<link href=""/node/4552"" rel=""shortlink""/>
<link href=""https://www.understandingwar.org/sites/default/themes/isw/isw.ico"" rel=""shortcut icon"" type=""image/vnd.microsoft.icon""/>
<meta content=""Ukraine Project,Institute for the Study of War, ISW, War, Institute, Study, ORBAT, Report, Iraq, Iran, Afghanistan, Middle East, Libya, Security,,Institute for the Study of War, ISW, War, Institute, Study, ORBAT, Report, Iraq, Iran, Afghanistan, Middle East, Libya, Security,"" name=""keywords""/>
<meta content=""Russian forces made minor advances in the ongoing offensive in eastern Ukraine on April 19, seizing several small towns and advancing into the key frontline towns of Rubizhne and Popasna. Russian forces continued major assaults with heavy air and"" name=""description""/>
<title>Russian Offensive Campaign Assessment, April 20 | Institute for the Study of War</title>
<style media=""all"" type=""text/css"">
@import url(""https://www.understandingwar.org/modules/system/system.base.css?s8yux0"");
@import url(""https://www.understandingwar.org/modules/system/system.menus.css?s8yux0"");
@import url(""https://www.understandingwar.org/modules/system/system.messages.css?s8yux0"");
@import url(""https://www.understandingwar.org/modules/system/system.theme.css?s8yux0"");
</style>
<style media=""all"" type=""text/css"">
@import url(""https://www.understandingwar.org/modules/aggregator/aggregator.css?s8yux0"");
@import url(""https://www.understandingwar.org/modules/comment/comment.css?s8yux0"");
@import url(""https://www.understandingwar.org/modules/field/theme/field.css?s8yux0"");
@import url(""https://www.understandingwar.org/sites/all/modules/google_cse/google_cse.css?s8yux0"");
@import url(""https://www.understandingwar.org/modules/node/node.css?s8yux0"");
@import url(""https://www.understandingwar.org/modules/search/search.css?s8yux0"");
@import url(""https://www.understandingwar.org/modules/user/user.css?s8yux0"");
@import url(""https://www.understandingwar.org/sites/all/modules/views/css/views.css?s8yux0"");
</style>
<style media=""all"" type=""text/css"">
@import url(""https://www.understandingwar.org/sites/all/modules/ctools/css/ctools.css?s8yux0"");
@import url(""https://www.understandingwar.org/sites/all/modules/nice_menus/css/nice_menus.css?s8yux0"");
@import url(""https://www.understandingwar.org/sites/all/modules/nice_menus/css/nice_menus_default.css?s8yux0"");
</style>
<style media=""all"" type=""text/css"">
@import url(""https://www.understandingwar.org/sites/default/themes/isw/style.css?s8yux0"");
</style>
<script src=""https://www.understandingwar.org/sites/default/files/js/js_YD9ro0PAqY25gGWrTki6TjRUG8TdokmmxjfqpNNfzVU.js"" type=""text/javascript""></script>
<script src=""https://www.understandingwar.org/sites/default/files/js/js_45JniWrXrY8q8AEVIV6GFupI5scizolw-FrujytMgiY.js"" type=""text/javascript""></script>
<script src=""https://www.understandingwar.org/sites/default/files/js/js_f_6-OzlFXjayKlsU5sJKLwjz7LFQvdIZDm-Mt6jKwyM.js"" type=""text/javascript""></script>
<script type=""text/javascript"">
<!--//--><![CDATA[//><!--
var switchTo5x = true;var useFastShare = true;
//--><!]]>
</script>
<script src=""https://ws.sharethis.com/button/buttons.js"" type=""text/javascript""></script>
<script type=""text/javascript"">
<!--//--><![CDATA[//><!--
if (typeof stLight !== 'undefined') { stLight.options({""publisher"":""dr-ba61422d-8abe-9993-fbf1-e2e7ec7171d9"",""version"":""5x"",""lang"":""en""}); }
//--><!]]>
</script>
<script src=""https://www.understandingwar.org/sites/default/files/js/js_rsGiM5M1ffe6EhN-RnhM5f3pDyJ8ZAPFJNKpfjtepLk.js"" type=""text/javascript""></script>
<script type=""text/javascript"">
<!--//--><![CDATA[//><!--
(function(i,s,o,g,r,a,m){i[""GoogleAnalyticsObject""]=r;i[r]=i[r]||function(){(i[r].q=i[r].q||[]).push(arguments)},i[r].l=1*new Date();a=s.createElement(o),m=s.getElementsByTagName(o)[0];a.async=1;a.src=g;m.parentNode.insertBefore(a,m)})(window,document,""script"",""https://www.google-analytics.com/analytics.js"",""ga"");ga(""create"", ""UA-3066025-1"", {""cookieDomain"":""auto""});ga(""send"", ""pageview"");
//--><!]]>
</script>
<script type=""text/javascript"">
<!--//--><![CDATA[//><!--
jQuery.extend(Drupal.settings, {""basePath"":""\/"",""pathPrefix"":"""",""setHasJsCookie"":0,""ajaxPageState"":{""theme"":""isw"",""theme_token"":""Jp1LykYG_zYaYbuicRIDW7u10DQHjyg3kjJYJVfyncA"",""js"":{""misc\/jquery.js"":1,""misc\/jquery-extend-3.4.0.js"":1,""misc\/jquery-html-prefilter-3.5.0-backport.js"":1,""misc\/jquery.once.js"":1,""misc\/drupal.js"":1,""sites\/all\/modules\/nice_menus\/js\/jquery.bgiframe.js"":1,""sites\/all\/modules\/nice_menus\/js\/jquery.hoverIntent.js"":1,""sites\/all\/modules\/nice_menus\/js\/superfish.js"":1,""sites\/all\/modules\/nice_menus\/js\/nice_menus.js"":1,""sites\/all\/modules\/google_cse\/google_cse.js"":1,""0"":1,""https:\/\/ws.sharethis.com\/button\/buttons.js"":1,""1"":1,""sites\/all\/modules\/google_analytics\/googleanalytics.js"":1,""2"":1},""css"":{""modules\/system\/system.base.css"":1,""modules\/system\/system.menus.css"":1,""modules\/system\/system.messages.css"":1,""modules\/system\/system.theme.css"":1,""modules\/aggregator\/aggregator.css"":1,""modules\/comment\/comment.css"":1,""modules\/field\/theme\/field.css"":1,""sites\/all\/modules\/google_cse\/google_cse.css"":1,""modules\/node\/node.css"":1,""modules\/search\/search.css"":1,""modules\/user\/user.css"":1,""sites\/all\/modules\/views\/css\/views.css"":1,""sites\/all\/modules\/ctools\/css\/ctools.css"":1,""sites\/all\/modules\/nice_menus\/css\/nice_menus.css"":1,""sites\/all\/modules\/nice_menus\/css\/nice_menus_default.css"":1,""sites\/default\/themes\/isw\/style.css"":1}},""googleCSE"":{""cx"":""006703778745328820552:rmncc-_xykg"",""language"":"""",""resultsWidth"":600,""domain"":""www.google.com"",""showWaterMark"":true},""nice_menus_options"":{""delay"":800,""speed"":""slow""},""googleanalytics"":{""trackOutbound"":1,""trackMailto"":1,""trackDownload"":1,""trackDownloadExtensions"":""7z|aac|arc|arj|asf|asx|avi|bin|csv|doc(x|m)?|dot(x|m)?|exe|flv|gif|gz|gzip|hqx|jar|jpe?g|js|mp(2|3|4|e?g)|mov(ie)?|msi|msp|pdf|phps|png|ppt(x|m)?|pot(x|m)?|pps(x|m)?|ppam|sld(x|m)?|thmx|qtm?|ra(m|r)?|sea|sit|tar|tgz|torrent|txt|wav|wma|wmv|wpd|xls(x|m|b)?|xlt(x|m)|xlam|xml|z|zip""},""urlIsAjaxTrusted"":{""\/backgrounder\/russian-offensive-campaign-assessment-April-20"":true}});
//--><!]]>
</script>
<script src=""/sites/all/modules/jquery_plugin/jquery.cycle.all.min.js"" type=""text/javascript""></script>
<script src=""/sites/default/themes/isw/jquery.fancyzoom.min.js"" type=""text/javascript""></script>
<script type=""text/javascript"">

jQuery(document).ready(function() {
 
	//ACCORDION BUTTON ACTION	
	jQuery('.expand').click(function() {
		jQuery(this).slideUp('normal');	
		jQuery(this).parents('.exholder').next('div.expando').slideDown('normal');
		return false;
	});
 
	//HIDE THE DIVS ON PAGE LOAD	
	jQuery(""div.expando"").hide();
 
});

</script>
<!-- Fundraise Up: the new standard for online giving -->
<script>(function(w,d,s,n,a){if(!w[n]){var l='call,catch,on,once,set,then,track'

.split(','),i,o=function(n){return'function'==typeof n?o.l.push([arguments])&&o

:function(){return o.l.push([n,arguments])&&o}},t=d.getElementsByTagName(s)[0],

j=d.createElement(s);j.async=!0;j.src='https://cdn.fundraiseup.com/widget/'+a;

t.parentNode.insertBefore(j,t);o.s=Date.now();o.v=4;o.h=w.location.href;o.l=[];

for(i=0;i<7;i++)o[l[i]]=o(l[i]);w[n]=o}

})(window,document,'script','FundraiseUp','ACTZXKNA');</script>
<!-- End Fundraise Up -->
<!--[if lt IE 9]>
    <script src=""http://html5shiv.googlecode.com/svn/trunk/html5.js""></script>
  <![endif]-->
<meta content=""Institute for the Study of War"" property=""og:title""/>
<meta content=""website"" property=""og:type""/>
<meta content=""http://dev-isw.bivings.com/"" property=""og:url""/>
<meta content="""" property=""og:image""/>
<meta content=""Institute for the Study of War"" property=""og:site_name""/>
<meta content=""100003039833570"" property=""fb:admins""/>
<link href=""https://plus.google.com/107270649854346683946"" rel=""publisher""/>
</head>
<body class=""html not-front not-logged-in no-sidebars page-node page-node- page-node-4552 node-type-backgrounder role-anonymous-user""><div id=""fb-root"" style=""display:none;""></div>
<script>(function(d, s, id) {
  var js, fjs = d.getElementsByTagName(s)[0];
  if (d.getElementById(id)) {return;}
  js = d.createElement(s); js.id = id;
  js.src = ""//connect.facebook.net/en_US/all.js#xfbml=1"";
  fjs.parentNode.insertBefore(js, fjs);
}(document, 'script', 'facebook-jssdk'));</script>
<!-- /.region -->
<div class=""clearfix"" id=""wrapper"">
<div id=""skip-link"">
<a class=""element-invisible element-focusable"" href=""#main-content"">Skip to main content</a>
</div>
<header class=""clearfix"" id=""header"" role=""banner"">
<a href=""/"" id=""homelink""></a>
<div class=""region region-header"">
<section class=""block block-block"" id=""block-block-1"">
<div class=""content"">
<table><tr><td><a class=""soctwitter"" href=""http://twitter.com/#!/TheStudyofWar""><img src=""/sites/default/themes/isw/images/twitter.gif""/></a></td>
<td><a class=""socyoutube"" href=""http://www.youtube.com/user/UnderstandingWarOrg""><img src=""/sites/default/themes/isw/images/utube.gif""/></a></td>
<td><div id=""fb-root""></div>
<script>(function(d){
  var js, id = 'facebook-jssdk'; if (d.getElementById(id)) {return;}
  js = d.createElement('script'); js.id = id; js.async = true;
  js.src = ""//connect.facebook.net/en_US/all.js#xfbml=1"";
  d.getElementsByTagName('head')[0].appendChild(js);
}(document));</script>
<div class=""fb-like"" data-href=""http://www.facebook.com/pages/Institute-for-the-Study-of-War/265135661809"" data-layout=""button_count"" data-send=""false"" data-show-faces=""false"" data-width=""100""></div>
</td></tr></table> </div>
</section> <!-- /.block -->
<section class=""block block-search"" id=""block-search-form"">
<div class=""content"">
<form accept-charset=""UTF-8"" action=""/backgrounder/russian-offensive-campaign-assessment-April-20"" class=""google-cse"" id=""search-block-form"" method=""post""><div><div class=""container-inline"">
<h2 class=""element-invisible"">Search form</h2>
<div class=""form-item form-type-textfield form-item-search-block-form"">
<label class=""element-invisible"" for=""edit-search-block-form--2"">Search </label>
<input class=""form-text"" id=""edit-search-block-form--2"" maxlength=""128"" name=""search_block_form"" size=""15"" title=""Enter the terms you wish to search for."" type=""text"" value=""""/>
</div>
<div class=""form-actions form-wrapper"" id=""edit-actions""><input class=""form-submit"" id=""edit-submit"" name=""op"" type=""submit"" value=""Search""/></div><input name=""form_build_id"" type=""hidden"" value=""form-c9HdxqG85RnQKEnJkDN4wU-39VZDFKcknhfAwdD4YKE""/>
<input name=""form_id"" type=""hidden"" value=""search_block_form""/>
</div>
</div></form> </div>
</section> <!-- /.block -->
<section class=""block block-nice-menus"" id=""block-nice-menus-1"">
<div class=""content"">
<ul class=""nice-menu nice-menu-down nice-menu-main-menu"" id=""nice-menu-1""><li class=""menu-198 menu-path-front first odd""><a href=""/"">Home</a></li>
<li class=""menu-432 menu-path-node-4 even""><a href=""/who-we-are"">Who We Are</a></li>
<li class=""menu-433 menu-path-node-1602 odd""><a href=""/research"">Research</a></li>
<li class=""menu-789 menu-path-publications even""><a href=""/publications"" title="""">Publications</a></li>
<li class=""menu-436 menu-path-node-1603 odd""><a href=""/get-involved"">Get Involved</a></li>
<li class=""menu-6612 menu-path-node-4413 even""><a href=""/planned-giving"">Planned Giving</a></li>
<li class=""menu-437 menu-path-snponetworkforgoodorg-donate-donateaspxnposubscriptionid1003951 odd last""><a href=""https://npo.networkforgood.org/Donate/Donate.aspx?npoSubscriptionId=1003951"" title="""">Donate</a></li>
</ul>
</div>
</section> <!-- /.block -->
</div>
<!-- /.region -->
</header> <!-- /#header -->
<div id=""mainwrap"">
<section class=""clearfix"" id=""main"" role=""main"">
<a id=""main-content""></a>
<h1 class=""title"" id=""page-title"">Russian Offensive Campaign Assessment, April 20</h1> <div class=""region region-content"">
<section class=""block block-system"" id=""block-system-main"">
<div class=""content"">
<span class=""rdf-meta element-hidden"" content=""Russian Offensive Campaign Assessment, April 20"" property=""dc:title""></span><span class=""rdf-meta element-hidden"" content=""0"" datatype=""xsd:integer"" property=""sioc:num_replies""></span>
<span class=""submitted""><span content=""2022-04-20T18:51:38-04:00"" datatype=""xsd:dateTime"" property=""dc:date dc:created"" rel=""sioc:has_creator"">Apr 20, 2022 - <a about=""/users/isw-press"" class=""username"" datatype="""" href=""/users/isw-press"" property=""foaf:name"" title=""View user profile."" typeof=""sioc:UserAccount"" xml:lang="""">ISW Press</a></span></span>
<div class=""content"">
<div class=""field field-name-field-cover-image field-type-image field-label-hidden""><div class=""field-items""><div class=""field-item even""><img alt="""" height=""125"" src=""https://www.understandingwar.org/sites/default/files/styles/square_thumbnail/public/ISW%20LOGO%20FINAL%20ACRONYM%20%20%20NAME_ISW%20LOGO%20FINAL%20ACRONYM%20NAME%20CMYK_287.png?itok=m5uKEeDU"" typeof=""foaf:Image"" width=""125""/></div></div></div><!--
THIS FILE IS NOT USED AND IS HERE AS A STARTING POINT FOR CUSTOMIZATION ONLY.
See http://api.drupal.org/api/function/theme_field/7 for details.
After copying this file to your theme's folder and customizing it, remove this
HTML comment.
-->
<div class=""field field-name-field-pdf-report field-type-file field-label-hidden clearfix"">
<div class=""field-items"">
<div class=""field-item even""><a href=""https://www.understandingwar.org/sites/default/files/Russian%20Operations%20Assessments%20April%2020.pdf""><img src=""/modules/file/icons/application-pdf.png"" style=""float:left;""/>Download the PDF</a></div>
</div>
</div>
<div class=""field field-name-body field-type-text-with-summary field-label-hidden""><div class=""field-items""><div class=""field-item even"" property=""content:encoded""> <p align=""center"" style=""text-align: left;""><strong style=""font-size: 13.008px;""><br/></strong></p>
<p align=""center"" style=""text-align: left;""><strong style=""font-size: 13.008px;"">Mason Clark, George Barros, and Karolina Hird</strong></p>
<p align=""center"" style=""text-align: left;""><strong>April 20, 6pm ET</strong></p>
<p style=""text-align: left;""><strong style=""font-size: 13.008px;"">Russian forces made minor advances in the ongoing offensive in eastern Ukraine on April 19, seizing several small towns and advancing into the key frontline towns of Rubizhne and Popasna. </strong><span style=""font-size: 13.008px;"">Russian forces continued major assaults with heavy air and artillery support but are continuing to build the logistics and command-and-control capabilities necessary for a larger offensive. Russian forces have not achieved any major breakthroughs, nor have they demonstrated any new capability to conduct multiple successful, simultaneous advances. Russian forces additionally made grinding progress against remaining Ukrainian defenders in Mariupol’s Azovstal Steel Works and announced plans for a May 9 Victory Day parade in the city – indicating Russian forces will declare victory in Mariupol by that date at the latest.</span></p>
<p style=""text-align: left;""><strong>Key Takeaways</strong></p>
<ul style=""text-align: left;""><li><strong>Russia’s offensive in eastern Ukraine secured minor gains in the last 24 hours, taking parts of the key frontline towns of Rubizhne and Popasna.</strong></li>
<li><strong>Ukrainian forces reported the presence of small numbers of Syrian or Libyan mercenaries fighting in Popasna (eastern Ukraine), likely individual recruits fighting under the umbrella of the Wagner Group rather than larger units.</strong></li>
<li><strong>Russian forces made incremental advances in Mariupol and continued to set conditions to declare victory in the city by –at the latest – May 9.</strong></li>
<li><strong>Russian forces made minor advances around Izyum but have not secured any major breakthroughs.</strong></li>
</ul><p style=""text-align: left;""><strong style=""font-size: 13.008px;"">Russian forces may be preparing to conscript Ukrainian citizens amid continuing recruitment challenges. </strong><span style=""font-size: 13.008px;"">The Ukrainian Main Intelligence Directorate (GUR) reported on April 20 that Russian occupation forces are planning to hold pseudo-referendums in occupied Zaporizhia and Kherson Oblasts to declare a forced mobilization and “throw ‘mobilized’ Ukrainians to the hottest parts of the front.”</span><span style=""text-decoration: underline;"">[1]</span><span style=""font-size: 13.008px;""> If confirmed, this effort is highly unlikely to generate meaningful combat power and will provoke an uptick in protests and partisan actions against Russian forces in these regions. The GUR additionally reported that Russia’s FSB is conducting a purge of the political leadership of the LNR in retaliation for its failure to achieve military objectives since February 24.</span><span style=""text-decoration: underline;"">[2]</span></p>
<p style=""text-align: left;""><strong style=""font-size: 13.008px;""><em>We do not report in detail on Russian war crimes because those activities are well-covered in Western media and do not directly affect the military operations we are assessing and forecasting. We will continue to evaluate and report on the effects of these criminal activities on the Ukrainian military and population and specifically on combat in Ukrainian urban areas. We utterly condemn these Russian violations of the laws of armed conflict, Geneva Conventions, and humanity even though we do not describe them in these reports.</em></strong></p>
<p style=""text-align: left;""><a href=""https://understandingwar.org/sites/default/files/DraftUkraineCoTApril20%2C2022.png""><strong style=""font-size: 13.008px;""><em><img height=""706"" src=""https://understandingwar.org/sites/default/files/DraftUkraineCoTApril20%2C2022.png"" width=""500""/></em></strong></a></p>
<p style=""text-align: left;""><strong style=""font-size: 13.008px;""><em><br/></em></strong></p>
<p style=""text-align: left;""><strong style=""font-size: 13.008px;""><em><br/></em></strong></p>
<p style=""text-align: left;""><strong><span style=""text-decoration: underline;"">ISW has updated its assessment of the four primary efforts Russian forces are engaged in at this time:</span></strong></p>
<ul style=""text-align: left;""><li>Main effort—Eastern Ukraine (comprised of two subordinate supporting efforts);</li>
<li>Supporting effort 1—Kharkiv and Izyum;</li>
<li>Supporting effort 2—Southern axis;</li>
<li>Supporting effort 3—Sumy and northeastern Ukraine.</li>
</ul><p style=""text-align: left;""><strong style=""font-size: 13.008px;""><span style=""text-decoration: underline;"">Main effort—Eastern Ukraine</span></strong></p>
<p style=""text-align: left;""><strong style=""font-size: 13.008px;"">Subordinate main effort – Mariupol (Russian objective: Capture Mariupol and reduce the Ukrainian defenders)</strong></p>
<p style=""text-align: left;""><span style=""font-size: 13.008px;"">Russian forces made marginal gains in assaults against the Azovstal Steel Plant on April 20.</span><span style=""text-decoration: underline;"">[3]</span><span style=""font-size: 13.008px;""> Video footage depicted Russian Naval Infantry and other mechanized units fighting on the outskirts of the plant.</span><span style=""text-decoration: underline;"">[4]</span><span style=""font-size: 13.008px;""> Russian aircraft continued to heavily target the Azovstal plant.</span><span style=""text-decoration: underline;"">[5]</span><span style=""font-size: 13.008px;""> Pro-Russian Telegram channels claimed that DNR militia and potentially Russian Special Operations forces are ""clearing"" the Azovstal Plant of Ukrainian sources, but we cannot confirm if Russian forces have been able to take portions of the plant itself.</span><span style=""text-decoration: underline;"">[6]</span><span style=""font-size: 13.008px;""> Notably, DNR-appointed occupation authorities of Mariupol announced on April 20 that Russian and DNR forces will hold a ”Victory Day” parade in Mariupol on May 9.</span><span style=""text-decoration: underline;"">[7]</span><span style=""font-size: 13.008px;""> Russian forces may undertake hasty and poorly-organized offensive actions to clear Azovstal before this date.</span></p>
<p style=""text-align: left;""><a href=""https://understandingwar.org/sites/default/files/Mariupol%20Battle%20Map%20Draft%20April%2020%2C2022.png""><img height=""753"" src=""https://understandingwar.org/sites/default/files/Mariupol%20Battle%20Map%20Draft%20April%2020%2C2022.png"" width=""500""/></a></p>
<p style=""text-align: left;""> </p>
<p style=""text-align: left;""><strong>Subordinate main effort – Donetsk and Luhansk Oblasts (Russian objective: Capture the entirety of Donetsk and Luhansk Oblasts, the claimed territory of Russia’s proxies in Donbas)</strong></p>
<p style=""text-align: left;""><span style=""font-size: 13.008px;"">Russian forces continued offensive operations concentrated on Rubizhne, Popasna, and Malinka and likely captured several outlying suburbs of Severodonetsk on April 20.</span><span style=""text-decoration: underline;"">[8]</span><span style=""font-size: 13.008px;""> Head of the Chechen Republic Ramzan Kadyrov claimed that Chechen and LNR troops took full control of Rubizhne on April 20, but ISW is unable to independently verify this claim, and the Urkainian General Staff reported Ukrainian forces remained in control of Rubizhne an hour before Kadyrov’s claim.</span><span style=""text-decoration: underline;"">[9]</span><span style=""font-size: 13.008px;""> The Ukrainian General Staff reported on April 20 that Russian forces are actively fighting in Torske and Zelena Dolyna, two towns west of Russian positions in Rubizhne.</span><span style=""text-decoration: underline;"">[10]</span><span style=""font-size: 13.008px;""> Pro-Russian sources additionally claimed that Russian forces took control of Kreminna and Stara Krasyanka, west of Rubizhne, on April 20.</span><span style=""text-decoration: underline;"">[11]</span></p>
<p style=""text-align: left;""><span style=""font-size: 13.008px;"">Russian forces continued attempts to advance into Popasna and reportedly captured residential sectors of the city.</span><span style=""text-decoration: underline;"">[12]</span><span style=""font-size: 13.008px;""> A Ukrainian officer and military blogger posted images of what he claimed to be dead Libyan mercenaries in Popasna on April 20, and Secretary of the Ukrainian National Security and Defense Council Oleksiy Danilov reported that Ukrainian forces killed 20-25 ”Libyan and Syrian mercenaries” in Popasna.</span><span style=""text-decoration: underline;"">[13]</span><span style=""font-size: 13.008px;""> Danilov stated he thinks Russia has deployed only 300-500 Syrian and Libyan mercenaries to the frontline. ISW has not observed any deployments of cohesive units of Syrian or Libyan fighters, and these recruits are likely individual fighters operating under the umbrella of the Wagner Group. Russian forces additionally conducted unsuccessful attacks north towards Temirivka and Hulyaipole on April 20, likely attempting to begin an encirclement of Ukrainian forces near Donetsk city.</span><span style=""text-decoration: underline;"">[14]</span></p>
<p style=""text-align: left;""><span style=""font-size: 13.008px;"">Russian forces are continuing to deploy reinforcements to eastern Ukraine and prepare for further offensive actions. The Ukrainian General Staff reported on April 20 that elements of Russia’s 90th Tank Division, 41st Combined Arms Army, and 232nd Rocket Artillery Brigade deployed into Ukraine from Russia.</span><span style=""text-decoration: underline;"">[15]</span><span style=""font-size: 13.008px;""> The General Staff additionally reported that Russian forces are reconnoitering routes to prep for further offensives towards Lyman and Sloviansk (west of Severodonetsk).</span><span style=""text-decoration: underline;"">[16]</span></p>
<p style=""text-align: left;""><a href=""https://understandingwar.org/sites/default/files/Luhansk%20Battle%20Map%20Draft%20April%2020%2C2022.png""><span style=""text-decoration: underline;""><img height=""647"" src=""https://understandingwar.org/sites/default/files/Luhansk%20Battle%20Map%20Draft%20April%2020%2C2022.png"" width=""500""/></span></a></p>
<p style=""text-align: left;""><span style=""text-decoration: underline;""><br/></span></p>
<p style=""text-align: left;""><strong style=""font-size: 13.008px;""><span style=""text-decoration: underline;"">Supporting Effort #1—Kharkiv and Izyum:</span></strong><strong style=""font-size: 13.008px;""> (Russian objective: Advance southeast to support Russian operations in Luhansk Oblast; defend ground lines of communication (GLOCs) to the Izyum axis)</strong></p>
<p style=""text-align: left;""><span style=""font-size: 13.008px;"">Russian forces continued to shell areas of Kharkiv Oblast and partially block Kharkiv city on April 20.</span><span style=""text-decoration: underline;"">[17]</span><span style=""font-size: 13.008px;""> The Ukrainian General Staff stated that Russian forces mounted attacks south and southwest of Izyum with ”partial success,” indicating localized advances.</span><span style=""text-decoration: underline;"">[18]</span><span style=""font-size: 13.008px;""> Russian forces are continuing to take losses over the course of such attempted offensives in Kharkiv Oblast, and the Ukrainian General Staff reported that a battalion tactical group (BTG) of the 237th Tank Regiment of the </span><sup>3rd </sup><span style=""font-size: 13.008px;"">Motorized Rifle Division withdrew from Kharkiv Oblast back to its permanent deployment point in Belgorod, Russia due to heavy combat losses.</span><span style=""text-decoration: underline;"">[19]</span></p>
<p style=""text-align: left;""><a href=""https://understandingwar.org/sites/default/files/Kharkiv%20Battle%20Map%20Draft%20April%2020%2C2022.png""><img height=""724"" src=""https://understandingwar.org/sites/default/files/Kharkiv%20Battle%20Map%20Draft%20April%2020%2C2022.png"" style=""font-size: 13.008px;"" width=""500""/></a></p>
<p style=""text-align: left;""> </p>
<p style=""text-align: left;""><strong><span style=""text-decoration: underline;"">Supporting Effort #2—Southern axis: (</span></strong><strong>Objective: Defend Kherson against Ukrainian counterattacks)</strong></p>
<p style=""text-align: left;""><span style=""font-size: 13.008px;"">Russian forces attacked Ukrainian positions in Oleksandrivka, west of Kherson city, and may have secured minor advances on April 20.</span><span style=""text-decoration: underline;"">[20]</span><span style=""font-size: 13.008px;""> Russian forces are likely conducting localized attacks to reduce Ukrainian pressure on Kherson city, rather than resuming major offensive operations towards Mykolayiv.</span></p>
<p style=""text-align: left;""><a href=""https://understandingwar.org/sites/default/files/Kherson-Mykolaiv%20Battle%20Map%20Draft%20April%2020%2C2022.png""><img height=""735"" src=""https://understandingwar.org/sites/default/files/Kherson-Mykolaiv%20Battle%20Map%20Draft%20April%2020%2C2022.png"" width=""500""/></a></p>
<p style=""text-align: left;""><span style=""font-size: 13.008px;""> </span></p>
<p style=""text-align: left;""><strong><span style=""text-decoration: underline;"">Supporting Effort #3—Sumy and Northeastern Ukraine:</span></strong><strong> (Russian objective: Withdraw combat power in good order for redeployment to eastern Ukraine)</strong></p>
<p style=""text-align: left;""><span style=""font-size: 13.008px;"">There was no significant change in this area in the past 24 hours.</span></p>
<p style=""text-align: left;""><strong style=""font-size: 13.008px;"">Immediate items to watch</strong></p>
<ul style=""text-align: left;""><li>Russian forces will likely continue attacking southeast from Izyum, west from Kreminna and Popasna, and north from Donetsk City via Avdiivka.</li>
<li>Russian troops and aircraft will continue to pound the Azovstal facility, and Russian officials may declare victory in Mariupol even before the facility is fully cleared.</li>
<li>Russian forces will likely increase the scale of ground offensive operations in the coming days, but it is too soon to tell how fast they will do so or how large those offensives will be. It is also too soon to assess how the Russians will likely weight their efforts in the arc from Izyum to Donetsk City.</li>
</ul><p style=""text-align: left;""><span style=""font-size: 13.008px;""> </span></p>
<div style=""text-align: left;"">
<hr align=""left"" size=""1"" width=""33%""/></div>
<p style=""text-align: left;""><span style=""text-decoration: underline;"">[1]</span> <a href=""https://gur.gov"">https://gur.gov</a> dot ua/content/putin-planuie-provesty-prymusovu-mobilizatsiiu-na-okupovanykh-terytoriiakh-zaporizkoi-ta-khersonskoi-oblastei.html.</p>
<p style=""text-align: left;""><span style=""text-decoration: underline;"">[2]</span> <a href=""https://gur.gov"">https://gur.gov</a> dot ua/content/na-foni-nevdach-na-fronti-moskva-rozpochala-chystky-kerivnykiv-lnr.html.</p>
<p style=""text-align: left;""><span style=""text-decoration: underline;"">[3]</span><a href=""https://twitter.com/GeoConfirmed/status/1516793740580605962;"">https://twitter.com/GeoConfirmed/status/1516793740580605962;</a>  <span style=""text-decoration: underline;""><a href=""https://www.facebook.com/GeneralStaff.ua/posts/299092695737149"">https://www.facebook.com/GeneralStaff.ua/posts/299092695737149</a></span>; <span style=""text-decoration: underline;""><a href=""https://twitter.com/RALee85/status/1516742253926137857"">https://twitter.com/RALee85/status/1516742253926137857</a></span>; <span style=""text-decoration: underline;""><a href=""https://twitter.com/RALee85/status/1516742253926137857"">https://twitter.com/RALee85/status/1516742253926137857</a></span>; <span style=""text-decoration: underline;""><a href=""https://twitter.com/RALee85/status/1516739932039041024;"">https://twitter.com/RALee85/status/1516739932039041024;</a></span> <span style=""text-decoration: underline;""><a href=""https://twitter.com/RALee85/status/1516689834580103169"">https://twitter.com/RALee85/status/1516689834580103169</a></span>; <span style=""text-decoration: underline;""><a href=""https://t.me/anna_news/28924;"">https://t.me/anna_news/28924;</a></span> <span style=""text-decoration: underline;"">https://t</span> dot me/izvestia/86285</p>
<p style=""text-align: left;""><span style=""text-decoration: underline;"">[4]</span> <a href=""https://twitter.com/RALee85/status/1516742253926137857;"">https://twitter.com/RALee85/status/1516742253926137857;</a> <a href=""https://twitter.com/RALee85/status/1516742253926137857;"">https://twitter.com/RALee85/status/1516742253926137857;</a> <a href=""https://twitter.com/RALee85/status/1516739932039041024 "">https://twitter.com/RALee85/status/1516739932039041024 </a></p>
<p style=""text-align: left;""><span style=""text-decoration: underline;"">[5]</span><span style=""font-size: 13.008px;""> </span><span style=""text-decoration: underline;""><a href=""https://www.facebook.com/GeneralStaff.ua/posts/298791202433965"">https://www.facebook.com/GeneralStaff.ua/posts/298791202433965</a></span><span style=""font-size: 13.008px;"">; </span><span style=""text-decoration: underline;"">https://t dot me/zvezdanews/7721</span><span style=""font-size: 13.008px;"">0.</span></p>
<p style=""text-align: left;""><span style=""text-decoration: underline;"">[6]</span> <a href=""https://twitter.com/RALee85/status/1516482896890056705;"">https://twitter.com/RALee85/status/1516482896890056705;</a> <a href=""https://twitter.com/zcjbrooker/status/1516211346609778695/photo/3 "">https://twitter.com/zcjbrooker/status/1516211346609778695/photo/3 </a></p>
<p style=""text-align: left;""><span style=""text-decoration: underline;"">[7]</span> <a href=""https://t.me/stranaua/37648 "">https://t.me/stranaua/37648 </a></p>
<p style=""text-align: left;""><span style=""text-decoration: underline;"">[8]</span> <a href=""https://t.me/stranaua/37559; "">https://t.me/stranaua/37559; </a><span style=""text-decoration: underline;""><a href=""https://twitter.com/GeoConfirmed/status/1516815244160606214"">https://twitter.com/GeoConfirmed/status/1516815244160606214</a></span>; <span style=""text-decoration: underline;""><a href=""https://www.facebook.com/GeneralStaff.ua/posts/299092695737149"">https://www.facebook.com/GeneralStaff.ua/posts/299092695737149</a></span></p>
<p style=""text-align: left;""><span style=""text-decoration: underline;"">[9]</span> ttps://t.me/istorijaoruzija/56852; <a href=""https://t.me/RKadyrov_95/1938; "">https://t.me/RKadyrov_95/1938; </a><span style=""text-decoration: underline;""><a href=""https://t.me/readovkanews/31468"">https://t.me/readovkanews/31468</a></span>; <a href=""https://www.facebook.com/GeneralStaff.ua/posts/299092695737149. "">https://www.facebook.com/GeneralStaff.ua/posts/299092695737149. </a></p>
<p style=""text-align: left;""><span style=""text-decoration: underline;"">[10]</span> <span style=""text-decoration: underline;""><a href=""https://www.facebook.com/GeneralStaff.ua/posts/298791202433965"">https://www.facebook.com/GeneralStaff.ua/posts/298791202433965</a></span></p>
<p style=""text-align: left;""><span style=""text-decoration: underline;"">[11]</span> https://t dot me/nm_dnr/7682; <span style=""text-decoration: underline;""><a href=""https://t.me/RKadyrov_95/1935"">https://t.me/RKadyrov_95/1935</a></span></p>
<p style=""text-align: left;""><span style=""text-decoration: underline;"">[12]</span> <span style=""text-decoration: underline;""><a href=""https://www.radiosvoboda"">https://www.radiosvoboda</a></span> dot org/a/situaciya-v-popasniy/31812758.html?nocache=1; <a href=""https://t.me/stranaua/37606.    "">https://t.me/stranaua/37606.    </a></p>
<p style=""text-align: left;""><span style=""text-decoration: underline;"">[13]</span> https://t dot me/a_shtirlitz/17714?single; https://t dot me/a_shtirlitz/17714</p>
<p style=""text-align: left;""><span style=""text-decoration: underline;"">[14]</span> <span style=""text-decoration: underline;""><a href=""https://www.facebook.com/GeneralStaff.ua/posts/299092695737149"">https://www.facebook.com/GeneralStaff.ua/posts/299092695737149</a></span>; <a href=""https://t.me/stranaua/37606;"">https://t.me/stranaua/37606;</a> <a href=""https://www.youtube.com/watch?v=Dk4DIUY9RsY"">https://www.youtube.com/watch?v=Dk4DIUY9RsY</a>.</p>
<p style=""text-align: left;""><span style=""text-decoration: underline;"">[15]</span> <a href=""https://www.facebook.com/GeneralStaff.ua/posts/299092695737149"">https://www.facebook.com/GeneralStaff.ua/posts/299092695737149</a>.</p>
<p style=""text-align: left;""><span style=""text-decoration: underline;"">[16]</span> <a href=""https://www.facebook.com/GeneralStaff.ua/posts/299092695737149"">https://www.facebook.com/GeneralStaff.ua/posts/299092695737149</a>.</p>
<p style=""text-align: left;""><span style=""text-decoration: underline;"">[17]</span> <span style=""text-decoration: underline;""><a href=""https://www.facebook.com/GeneralStaff.ua/posts/298791202433965"">https://www.facebook.com/GeneralStaff.ua/posts/298791202433965</a></span></p>
<p style=""text-align: left;""><span style=""text-decoration: underline;"">[18]</span> <span style=""text-decoration: underline;""><a href=""https://www.facebook.com/GeneralStaff.ua/posts/299092695737149"">https://www.facebook.com/GeneralStaff.ua/posts/299092695737149</a></span>; <a href=""https://www.facebook.com/GeneralStaff.ua/posts/298791202433965;"">https://www.facebook.com/GeneralStaff.ua/posts/298791202433965;</a> <a href=""https://t.me/stranaua/37545"">https://t.me/stranaua/37545</a>.</p>
<p style=""text-align: left;""><span style=""text-decoration: underline;"">[19]</span> <span style=""text-decoration: underline;""><a href=""https://www.facebook.com/GeneralStaff.ua/posts/298791202433965"">https://www.facebook.com/GeneralStaff.ua/posts/298791202433965</a></span></p>
<p style=""text-align: left;""><span style=""text-decoration: underline;"">[20]</span> <span style=""text-decoration: underline;""><a href=""https://t.me/stranaua/37606"">https://t.me/stranaua/37606</a></span>; <span style=""text-decoration: underline;""><a href=""https://www.youtube.com/watch?v=Dk4DIUY9RsY;"">https://www.youtube.com/watch?v=Dk4DIUY9RsY;</a></span> <a href=""https://www.facebook.com/GeneralStaff.ua/posts/298791202433965; "">https://www.facebook.com/GeneralStaff.ua/posts/298791202433965; </a><span style=""text-decoration: underline;""><a href=""https://www.facebook.com/GeneralStaff.ua/posts/299092695737149"">https://www.facebook.com/GeneralStaff.ua/posts/299092695737149</a></span>; <a href=""https://t.me/stranaua/37606;"">https://t.me/stranaua/37606;</a> <a href=""https://www.youtube.com/watch?v=Dk4DIUY9RsY"">https://www.youtube.com/watch?v=Dk4DIUY9RsY</a></p>
</div></div></div><h3 id=""tagtitle""><span>Tags</span></h3>
<div class=""field field-name-field-project field-type-taxonomy-term-reference field-label-hidden clearfix"">
<div class=""field-items"">
<div class=""field-item even""><a datatype="""" href=""/project/ukraine-project"" property=""rdfs:label skos:prefLabel"" typeof=""skos:Concept"">Ukraine Project</a></div>
</div>
</div>
<div class=""field field-name-field-file-attacments field-type-file field-label-above""><div class=""field-label"">File Attachments: </div><div class=""field-items""><div class=""field-item even""><span class=""file""><img alt=""Image icon"" class=""file-icon"" src=""/modules/file/icons/image-x-generic.png"" title=""image/png""/> <a href=""https://www.understandingwar.org/sites/default/files/ISW%20LOGO%20FINAL%20ACRONYM%20%20%20NAME_ISW%20LOGO%20FINAL%20ACRONYM%20NAME%20CMYK_289.png"" type=""image/png; length=36997"">ISW LOGO FINAL ACRONYM   NAME_ISW LOGO FINAL ACRONYM NAME CMYK.png</a></span></div><div class=""field-item odd""><span class=""file""><img alt=""Image icon"" class=""file-icon"" src=""/modules/file/icons/image-x-generic.png"" title=""image/png""/> <a href=""https://www.understandingwar.org/sites/default/files/DraftUkraineCoTApril20%2C2022.png"" type=""image/png; length=1016530"">DraftUkraineCoTApril20,2022.png</a></span></div><div class=""field-item even""><span class=""file""><img alt=""Image icon"" class=""file-icon"" src=""/modules/file/icons/image-x-generic.png"" title=""image/png""/> <a href=""https://www.understandingwar.org/sites/default/files/Kharkiv%20Battle%20Map%20Draft%20April%2020%2C2022.png"" type=""image/png; length=1006881"">Kharkiv Battle Map Draft April 20,2022.png</a></span></div><div class=""field-item odd""><span class=""file""><img alt=""Image icon"" class=""file-icon"" src=""/modules/file/icons/image-x-generic.png"" title=""image/png""/> <a href=""https://www.understandingwar.org/sites/default/files/Luhansk%20Battle%20Map%20Draft%20April%2020%2C2022.png"" type=""image/png; length=1097886"">Luhansk Battle Map Draft April 20,2022.png</a></span></div><div class=""field-item even""><span class=""file""><img alt=""Image icon"" class=""file-icon"" src=""/modules/file/icons/image-x-generic.png"" title=""image/png""/> <a href=""https://www.understandingwar.org/sites/default/files/Kherson-Mykolaiv%20Battle%20Map%20Draft%20April%2020%2C2022.png"" type=""image/png; length=1075781"">Kherson-Mykolaiv Battle Map Draft April 20,2022.png</a></span></div><div class=""field-item odd""><span class=""file""><img alt=""Image icon"" class=""file-icon"" src=""/modules/file/icons/image-x-generic.png"" title=""image/png""/> <a href=""https://www.understandingwar.org/sites/default/files/Mariupol%20Battle%20Map%20Draft%20April%2020%2C2022.png"" type=""image/png; length=1227047"">Mariupol Battle Map Draft April 20,2022.png</a></span></div><div class=""field-item even""><span class=""file""><img alt=""PDF icon"" class=""file-icon"" src=""/modules/file/icons/application-pdf.png"" title=""application/pdf""/> <a href=""https://www.understandingwar.org/sites/default/files/Russian%20Offensive%20Campaign%20Assessment%2C%20April%2020_0.pdf"" type=""application/pdf; length=2418855"">Russian Offensive Campaign Assessment, April 20.pdf</a></span></div></div></div><div class=""sharethis-buttons""><div class=""sharethis-wrapper""><span class=""st_facebook_large"" displaytext=""facebook"" st_title=""Russian Offensive Campaign Assessment, April 20"" st_url=""https://www.understandingwar.org/backgrounder/russian-offensive-campaign-assessment-april-20""></span>
<span class=""st_twitter_large"" displaytext=""twitter"" st_title=""Russian Offensive Campaign Assessment, April 20"" st_url=""https://www.understandingwar.org/backgrounder/russian-offensive-campaign-assessment-april-20"" st_username="""" st_via=""""></span>
<span class=""st_stumbleupon_large"" displaytext=""stumbleupon"" st_title=""Russian Offensive Campaign Assessment, April 20"" st_url=""https://www.understandingwar.org/backgrounder/russian-offensive-campaign-assessment-april-20"" st_username="""" st_via=""""></span>
<span class=""st_email_large"" displaytext=""email"" st_title=""Russian Offensive Campaign Assessment, April 20"" st_url=""https://www.understandingwar.org/backgrounder/russian-offensive-campaign-assessment-april-20"" st_username="""" st_via=""""></span>
<span class=""st_plusone_large"" displaytext=""plusone"" st_title=""Russian Offensive Campaign Assessment, April 20"" st_url=""https://www.understandingwar.org/backgrounder/russian-offensive-campaign-assessment-april-20"" st_username="""" st_via=""""></span>
<span class=""st_fblike_large"" displaytext=""fblike"" st_title=""Russian Offensive Campaign Assessment, April 20"" st_url=""https://www.understandingwar.org/backgrounder/russian-offensive-campaign-assessment-april-20"" st_username="""" st_via=""""></span>
</div></div>
</div>
<footer>
</footer>
</div>
</section> <!-- /.block -->
</div>
<!-- /.region -->
</section> <!-- /#main -->
</div>
<footer class=""clearfix"" id=""footer"" role=""contentinfo"">
<div id=""copy"">1400 16th Street NW, Suite 515 Washington, DC 20036<br/>
ph (202) 293-5550<br/>©2007 – 2024 THE INSTITUTE FOR THE STUDY OF WAR</div>
</footer> <!-- /#footer -->
</div> <!-- /#wrapper -->
</body>
</html>","russian forces may be preparing to conscript ukrainian citizens amid continuing recruitment challenges. the ukrainian main intelligence directorate (gur) reported on april 20 that russian occupation forces are planning to hold pseudo-referendums in occupied zaporizhia and kherson oblasts to declare a forced mobilization and throw ‘mobilized’ ukrainians to the hottest parts of the front. if confirmed, this effort is highly unlikely to generate meaningful combat power and will provoke an uptick in protests and partisan actions against russian forces in these regions. the gur additionally reported that russia’s fsb is conducting a purge of the political leadership of the lnr in retaliation for its failure to achieve military objectives since february 24. isw has updated its assessment of the four primary efforts russian forces are engaged in at this time: main effort—eastern ukraine subordinate main effort – mariupol (russian objective: capture mariupol and reduce the ukrainian defenders) russian forces made marginal gains in assaults against the azovstal steel plant on april 20. video footage depicted russian naval infantry and other mechanized units fighting on the outskirts of the plant. russian aircraft continued to heavily target the azovstal plant. pro-russian telegram channels claimed that dnr militia and potentially russian special operations forces are clearing the azovstal plant of ukrainian sources, but we cannot confirm if russian forces have been able to take portions of the plant itself. notably, dnr-appointed occupation authorities of mariupol announced on april 20 that russian and dnr forces will hold a victory day parade in mariupol on may 9. russian forces may undertake hasty and poorly-organized offensive actions to clear azovstal before this date. subordinate main effort – donetsk and luhansk oblasts (russian objective: capture the entirety of donetsk and luhansk oblasts, the claimed territory of russia’s proxies in donbas) russian forces continued offensive operations concentrated on rubizhne, popasna, and malinka and likely captured several outlying suburbs of severodonetsk on april 20. head of the chechen republic ramzan kadyrov claimed that chechen and lnr troops took full control of rubizhne on april 20, but isw is unable to independently verify this claim, and the urkainian general staff reported ukrainian forces remained in control of rubizhne an hour before kadyrov’s claim. the ukrainian general staff reported on april 20 that russian forces are actively fighting in torske and zelena dolyna, two towns west of russian positions in rubizhne. pro-russian sources additionally claimed that russian forces took control of kreminna and stara krasyanka, west of rubizhne, on april 20. russian forces continued attempts to advance into popasna and reportedly captured residential sectors of the city. a ukrainian officer and military blogger posted images of what he claimed to be dead libyan mercenaries in popasna on april 20, and secretary of the ukrainian national security and defense council oleksiy danilov reported that ukrainian forces killed 20-25 libyan and syrian mercenaries in popasna. danilov stated he thinks russia has deployed only 300-500 syrian and libyan mercenaries to the frontline. isw has not observed any deployments of cohesive units of syrian or libyan fighters, and these recruits are likely individual fighters operating under the umbrella of the wagner group. russian forces additionally conducted unsuccessful attacks north towards temirivka and hulyaipole on april 20, likely attempting to begin an encirclement of ukrainian forces near donetsk city. russian forces are continuing to deploy reinforcements to eastern ukraine and prepare for further offensive actions. the ukrainian general staff reported on april 20 that elements of russia’s 90th tank division, 41st combined arms army, and 232nd rocket artillery brigade deployed into ukraine from russia. the general staff additionally reported that russian forces are reconnoitering routes to prep for further offensives towards lyman and sloviansk (west of severodonetsk). supporting effort #1—kharkiv and izyum: (russian objective: advance southeast to support russian operations in luhansk oblast; defend ground lines of communication (glocs) to the izyum axis) russian forces continued to shell areas of kharkiv oblast and partially block kharkiv city on april 20. the ukrainian general staff stated that russian forces mounted attacks south and southwest of izyum with partial success, indicating localized advances. russian forces are continuing to take losses over the course of such attempted offensives in kharkiv oblast, and the ukrainian general staff reported that a battalion tactical group (btg) of the 237th tank regiment of the 3rd motorized rifle division withdrew from kharkiv oblast back to its permanent deployment point in belgorod, russia due to heavy combat losses. supporting effort #2—southern axis: (objective: defend kherson against ukrainian counterattacks) russian forces attacked ukrainian positions in oleksandrivka, west of kherson city, and may have secured minor advances on april 20. russian forces are likely conducting localized attacks to reduce ukrainian pressure on kherson city, rather than resuming major offensive operations towards mykolayiv. supporting effort #3—sumy and northeastern ukraine: (russian objective: withdraw combat power in good order for redeployment to eastern ukraine) there was no significant change in this area in the past 24 hours."
